Datetime,Open,High,Low,Close,Volume,Dividends,Stock Splits
2023-04-19 09:30:00-04:00,165.8000030517578,165.9600067138672,165.5500030517578,165.90060424804688,1357404,0.0,0.0
2023-04-19 09:31:00-04:00,165.9199981689453,165.92999267578125,165.5399932861328,165.61390686035156,247854,0.0,0.0
2023-04-19 09:32:00-04:00,165.60000610351562,165.69700622558594,165.55999755859375,165.61000061035156,192574,0.0,0.0
2023-04-19 09:33:00-04:00,165.61000061035156,165.85989379882812,165.55999755859375,165.75570678710938,224917,0.0,0.0
2023-04-19 09:34:00-04:00,165.73500061035156,166.00999450683594,165.6925048828125,165.88999938964844,248528,0.0,0.0
2023-04-19 09:35:00-04:00,165.88999938964844,166.15989685058594,165.82000732421875,166.13999938964844,201835,0.0,0.0
2023-04-19 09:36:00-04:00,166.13999938964844,166.30999755859375,166.0500030517578,166.1649932861328,273592,0.0,0.0
2023-04-19 09:37:00-04:00,166.16000366210938,166.17999267578125,166.0399932861328,166.1199951171875,143004,0.0,0.0
2023-04-19 09:38:00-04:00,166.11849975585938,166.15499877929688,166.00999450683594,166.14450073242188,159907,0.0,0.0
2023-04-19 09:39:00-04:00,166.16000366210938,166.24000549316406,166.08999633789062,166.13999938964844,216039,0.0,0.0
2023-04-19 09:40:00-04:00,166.1300048828125,166.1699981689453,166.0,166.1199951171875,172043,0.0,0.0
2023-04-19 09:41:00-04:00,166.1199951171875,166.27000427246094,166.07000732421875,166.2001953125,119602,0.0,0.0
2023-04-19 09:42:00-04:00,166.2050018310547,166.41000366210938,166.0802001953125,166.0802001953125,232327,0.0,0.0
2023-04-19 09:43:00-04:00,166.10000610351562,166.13999938964844,166.00999450683594,166.02999877929688,150110,0.0,0.0
2023-04-19 09:44:00-04:00,166.02999877929688,166.24000549316406,166.01010131835938,166.22000122070312,132175,0.0,0.0
2023-04-19 09:45:00-04:00,166.22000122070312,166.36000061035156,166.1300048828125,166.35299682617188,145113,0.0,0.0
2023-04-19 09:46:00-04:00,166.3300018310547,166.5260009765625,166.2449951171875,166.25,223736,0.0,0.0
2023-04-19 09:47:00-04:00,166.25,166.49000549316406,166.2100067138672,166.47540283203125,164812,0.0,0.0
2023-04-19 09:48:00-04:00,166.48500061035156,166.5,166.35000610351562,166.47999572753906,245053,0.0,0.0
2023-04-19 09:49:00-04:00,166.47999572753906,166.5399932861328,166.19000244140625,166.1909942626953,200716,0.0,0.0
2023-04-19 09:50:00-04:00,166.19000244140625,166.25,166.08999633789062,166.19000244140625,158101,0.0,0.0
2023-04-19 09:51:00-04:00,166.17999267578125,166.26010131835938,166.00999450683594,166.08999633789062,153080,0.0,0.0
2023-04-19 09:52:00-04:00,166.0800018310547,166.1300048828125,166.00999450683594,166.0500030517578,156741,0.0,0.0
2023-04-19 09:53:00-04:00,166.0699005126953,166.08999633789062,165.97999572753906,166.0500030517578,104266,0.0,0.0
2023-04-19 09:54:00-04:00,166.05499267578125,166.0800018310547,165.8800048828125,165.9499969482422,162502,0.0,0.0
2023-04-19 09:55:00-04:00,165.9600067138672,166.1199951171875,165.91000366210938,166.11900329589844,103005,0.0,0.0
2023-04-19 09:56:00-04:00,166.10000610351562,166.27000427246094,166.10000610351562,166.1999969482422,163179,0.0,0.0
2023-04-19 09:57:00-04:00,166.2100067138672,166.25,166.07000732421875,166.1999969482422,92054,0.0,0.0
2023-04-19 09:58:00-04:00,166.2299041748047,166.27999877929688,166.18020629882812,166.22000122070312,75343,0.0,0.0
2023-04-19 09:59:00-04:00,166.22000122070312,166.31500244140625,166.14999389648438,166.16000366210938,148468,0.0,0.0
2023-04-19 10:00:00-04:00,166.14999389648438,166.3000030517578,166.11000061035156,166.27000427246094,114485,0.0,0.0
2023-04-19 10:01:00-04:00,166.27999877929688,166.50999450683594,166.24000549316406,166.45399475097656,198501,0.0,0.0
2023-04-19 10:02:00-04:00,166.4600067138672,166.50999450683594,166.33999633789062,166.5050048828125,122932,0.0,0.0
2023-04-19 10:03:00-04:00,166.50999450683594,166.5500030517578,166.38999938964844,166.5478973388672,109183,0.0,0.0
2023-04-19 10:04:00-04:00,166.5489044189453,166.60000610351562,166.44000244140625,166.47999572753906,181987,0.0,0.0
2023-04-19 10:05:00-04:00,166.49000549316406,166.50999450683594,166.30999755859375,166.30999755859375,132046,0.0,0.0
2023-04-19 10:06:00-04:00,166.32000732421875,166.5,166.32000732421875,166.44000244140625,110261,0.0,0.0
2023-04-19 10:07:00-04:00,166.42999267578125,166.47999572753906,166.33999633789062,166.33999633789062,87429,0.0,0.0
2023-04-19 10:08:00-04:00,166.35000610351562,166.46499633789062,166.3300018310547,166.44000244140625,90075,0.0,0.0
2023-04-19 10:09:00-04:00,166.45599365234375,166.47999572753906,166.3300018310547,166.39999389648438,93046,0.0,0.0
2023-04-19 10:10:00-04:00,166.41000366210938,166.42999267578125,166.27999877929688,166.31500244140625,93136,0.0,0.0
2023-04-19 10:11:00-04:00,166.31500244140625,166.34500122070312,166.222900390625,166.27499389648438,135318,0.0,0.0
2023-04-19 10:12:00-04:00,166.27000427246094,166.32000732421875,166.17999267578125,166.2949981689453,92461,0.0,0.0
2023-04-19 10:13:00-04:00,166.2949981689453,166.38499450683594,166.2949981689453,166.3350067138672,105672,0.0,0.0
2023-04-19 10:14:00-04:00,166.3350067138672,166.41000366210938,166.27000427246094,166.2949981689453,140873,0.0,0.0
2023-04-19 10:15:00-04:00,166.2949981689453,166.4199981689453,166.27000427246094,166.4149932861328,90277,0.0,0.0
2023-04-19 10:16:00-04:00,166.4149932861328,166.47000122070312,166.27999877929688,166.36000061035156,132947,0.0,0.0
2023-04-19 10:17:00-04:00,166.35000610351562,166.3699951171875,166.25999450683594,166.30499267578125,104268,0.0,0.0
2023-04-19 10:18:00-04:00,166.3000030517578,166.35000610351562,166.27000427246094,166.33999633789062,82937,0.0,0.0
2023-04-19 10:19:00-04:00,166.35000610351562,166.4600067138672,166.3350067138672,166.35989379882812,116841,0.0,0.0
2023-04-19 10:20:00-04:00,166.35000610351562,166.42999267578125,166.3000030517578,166.4199981689453,96089,0.0,0.0
2023-04-19 10:21:00-04:00,166.42999267578125,166.4600067138672,166.27999877929688,166.36000061035156,96880,0.0,0.0
2023-04-19 10:22:00-04:00,166.3699951171875,166.44000244140625,166.3300018310547,166.36000061035156,91073,0.0,0.0
2023-04-19 10:23:00-04:00,166.36000061035156,166.38499450683594,166.25999450683594,166.26499938964844,94759,0.0,0.0
2023-04-19 10:24:00-04:00,166.25999450683594,166.3000030517578,166.22000122070312,166.24000549316406,136798,0.0,0.0
2023-04-19 10:25:00-04:00,166.23500061035156,166.3000030517578,166.22000122070312,166.24000549316406,79140,0.0,0.0
2023-04-19 10:26:00-04:00,166.2489013671875,166.3800048828125,166.2100067138672,166.375,153039,0.0,0.0
2023-04-19 10:27:00-04:00,166.3800048828125,166.47999572753906,166.3800048828125,166.47869873046875,129355,0.0,0.0
2023-04-19 10:28:00-04:00,166.47999572753906,166.57000732421875,166.4499969482422,166.50999450683594,143689,0.0,0.0
2023-04-19 10:29:00-04:00,166.50999450683594,166.64999389648438,166.50999450683594,166.63999938964844,127947,0.0,0.0
2023-04-19 10:30:00-04:00,166.63949584960938,166.66000366210938,166.5800018310547,166.61000061035156,155353,0.0,0.0
2023-04-19 10:31:00-04:00,166.6199951171875,166.72999572753906,166.60499572753906,166.7115936279297,174685,0.0,0.0
2023-04-19 10:32:00-04:00,166.7198944091797,166.7899932861328,166.6999969482422,166.72500610351562,213196,0.0,0.0
2023-04-19 10:33:00-04:00,166.72129821777344,166.73500061035156,166.61000061035156,166.63499450683594,109661,0.0,0.0
2023-04-19 10:34:00-04:00,166.63999938964844,166.6699981689453,166.60000610351562,166.6199951171875,89944,0.0,0.0
2023-04-19 10:35:00-04:00,166.6199951171875,166.6999969482422,166.61000061035156,166.69000244140625,104598,0.0,0.0
2023-04-19 10:36:00-04:00,166.67999267578125,166.78500366210938,166.64999389648438,166.75,104350,0.0,0.0
2023-04-19 10:37:00-04:00,166.75999450683594,166.77000427246094,166.6300048828125,166.71389770507812,83739,0.0,0.0
2023-04-19 10:38:00-04:00,166.7100067138672,166.80999755859375,166.6999969482422,166.77000427246094,87870,0.0,0.0
2023-04-19 10:39:00-04:00,166.77000427246094,166.94000244140625,166.77000427246094,166.93499755859375,167499,0.0,0.0
2023-04-19 10:40:00-04:00,166.94000244140625,167.02000427246094,166.91000366210938,166.9600067138672,358423,0.0,0.0
2023-04-19 10:41:00-04:00,166.9582977294922,166.9949951171875,166.86000061035156,166.88999938964844,110053,0.0,0.0
2023-04-19 10:42:00-04:00,166.88999938964844,166.92999267578125,166.8101043701172,166.92999267578125,147320,0.0,0.0
2023-04-19 10:43:00-04:00,166.9199981689453,166.99000549316406,166.9199981689453,166.99000549316406,120883,0.0,0.0
2023-04-19 10:44:00-04:00,166.97999572753906,167.17999267578125,166.97999572753906,167.1750030517578,248414,0.0,0.0
2023-04-19 10:45:00-04:00,167.17999267578125,167.2050018310547,167.0800018310547,167.10000610351562,189443,0.0,0.0
2023-04-19 10:46:00-04:00,167.08999633789062,167.09500122070312,166.88999938964844,166.96090698242188,214798,0.0,0.0
2023-04-19 10:47:00-04:00,166.9600067138672,166.99989318847656,166.92999267578125,166.9700927734375,74338,0.0,0.0
2023-04-19 10:48:00-04:00,166.96499633789062,167.0500030517578,166.9600067138672,167.04010009765625,88822,0.0,0.0
2023-04-19 10:49:00-04:00,167.05499267578125,167.06900024414062,167.02999877929688,167.05499267578125,90730,0.0,0.0
2023-04-19 10:50:00-04:00,167.0500030517578,167.06239318847656,167.00999450683594,167.03720092773438,71283,0.0,0.0
2023-04-19 10:51:00-04:00,167.0301055908203,167.14999389648438,167.02999877929688,167.11500549316406,108622,0.0,0.0
2023-04-19 10:52:00-04:00,167.1199951171875,167.14999389648438,167.0800018310547,167.0800018310547,97921,0.0,0.0
2023-04-19 10:53:00-04:00,167.10000610351562,167.10000610351562,166.94000244140625,166.9600067138672,116259,0.0,0.0
2023-04-19 10:54:00-04:00,166.9600067138672,166.9600067138672,166.8800048828125,166.95899963378906,108480,0.0,0.0
2023-04-19 10:56:00-04:00,166.97000122070312,167.00909423828125,166.97000122070312,166.99000549316406,192369,0.0,0.0
2023-04-19 10:57:00-04:00,166.9949951171875,167.02000427246094,166.97000122070312,167.0,68483,0.0,0.0
2023-04-19 10:58:00-04:00,166.97999572753906,166.99000549316406,166.92010498046875,166.9499969482422,61560,0.0,0.0
2023-04-19 10:59:00-04:00,166.94000244140625,166.97999572753906,166.89999389648438,166.92999267578125,58456,0.0,0.0
2023-04-19 11:00:00-04:00,166.9300994873047,166.97000122070312,166.90989685058594,166.94000244140625,84289,0.0,0.0
2023-04-19 11:01:00-04:00,166.9499969482422,167.177001953125,166.9302978515625,167.1699981689453,148674,0.0,0.0
2023-04-19 11:02:00-04:00,167.1699981689453,167.1750030517578,167.02000427246094,167.06849670410156,92980,0.0,0.0
2023-04-19 11:03:00-04:00,167.07000732421875,167.15989685058594,167.05999755859375,167.13999938964844,89552,0.0,0.0
2023-04-19 11:04:00-04:00,167.13999938964844,167.17999267578125,167.0,167.0800018310547,160380,0.0,0.0
2023-04-19 11:05:00-04:00,167.08999633789062,167.1300048828125,167.02499389648438,167.11990356445312,88548,0.0,0.0
2023-04-19 11:06:00-04:00,167.11000061035156,167.14999389648438,167.0399932861328,167.13999938964844,84560,0.0,0.0
2023-04-19 11:07:00-04:00,167.13999938964844,167.25010681152344,167.1201934814453,167.19000244140625,163296,0.0,0.0
2023-04-19 11:08:00-04:00,167.1999053955078,167.22999572753906,167.0800018310547,167.08999633789062,100069,0.0,0.0
2023-04-19 11:09:00-04:00,167.09500122070312,167.09500122070312,167.0,167.05999755859375,105554,0.0,0.0
2023-04-19 11:10:00-04:00,167.0500030517578,167.17999267578125,167.02000427246094,167.125,99268,0.0,0.0
2023-04-19 11:11:00-04:00,167.1300048828125,167.15150451660156,167.0449981689453,167.1199951171875,76832,0.0,0.0
2023-04-19 11:12:00-04:00,167.11000061035156,167.16000366210938,167.10000610351562,167.1300048828125,56780,0.0,0.0
2023-04-19 11:13:00-04:00,167.13999938964844,167.27000427246094,167.13999938964844,167.25999450683594,89534,0.0,0.0
2023-04-19 11:14:00-04:00,167.25999450683594,167.2899932861328,167.12100219726562,167.18820190429688,115239,0.0,0.0
2023-04-19 11:15:00-04:00,167.18739318847656,167.33999633789062,167.1699981689453,167.32000732421875,116797,0.0,0.0
2023-04-19 11:16:00-04:00,167.32000732421875,167.32989501953125,167.22999572753906,167.27999877929688,91616,0.0,0.0
2023-04-19 11:17:00-04:00,167.27000427246094,167.3800048828125,167.24000549316406,167.24009704589844,123927,0.0,0.0
2023-04-19 11:18:00-04:00,167.24000549316406,167.29879760742188,167.22000122070312,167.2664031982422,67158,0.0,0.0
2023-04-19 11:19:00-04:00,167.25999450683594,167.2799072265625,167.17999267578125,167.22000122070312,55862,0.0,0.0
2023-04-19 11:20:00-04:00,167.1999969482422,167.27000427246094,167.17999267578125,167.25,62361,0.0,0.0
2023-04-19 11:21:00-04:00,167.24000549316406,167.27000427246094,167.13999938964844,167.2100067138672,597381,0.0,0.0
2023-04-19 11:22:00-04:00,167.2050018310547,167.2100067138672,167.1199951171875,167.1199951171875,76400,0.0,0.0
2023-04-19 11:23:00-04:00,167.1199951171875,167.1199951171875,167.07000732421875,167.0749053955078,88922,0.0,0.0
2023-04-19 11:24:00-04:00,167.07130432128906,167.14649963378906,167.05499267578125,167.125,105194,0.0,0.0
2023-04-19 11:25:00-04:00,167.125,167.13999938964844,167.00010681152344,167.07000732421875,120341,0.0,0.0
2023-04-19 11:26:00-04:00,167.06300354003906,167.11990356445312,167.02000427246094,167.0883026123047,82264,0.0,0.0
2023-04-19 11:27:00-04:00,167.08999633789062,167.14669799804688,167.0749969482422,167.081298828125,80010,0.0,0.0
2023-04-19 11:28:00-04:00,167.08880615234375,167.11419677734375,167.05499267578125,167.110107421875,50344,0.0,0.0
2023-04-19 11:29:00-04:00,167.11500549316406,167.1699981689453,167.11000061035156,167.14230346679688,63373,0.0,0.0
2023-04-19 11:30:00-04:00,167.13999938964844,167.1699981689453,167.10350036621094,167.11000061035156,77709,0.0,0.0
2023-04-19 11:31:00-04:00,167.11000061035156,167.1199951171875,167.02000427246094,167.0301055908203,61718,0.0,0.0
2023-04-19 11:32:00-04:00,167.02999877929688,167.1199951171875,167.0028076171875,167.0675048828125,92580,0.0,0.0
2023-04-19 11:33:00-04:00,167.05999755859375,167.17999267578125,167.05999755859375,167.16000366210938,79495,0.0,0.0
2023-04-19 11:34:00-04:00,167.1699981689453,167.22000122070312,167.1300048828125,167.19520568847656,96362,0.0,0.0
2023-04-19 11:35:00-04:00,167.17999267578125,167.25999450683594,167.1300048828125,167.2449951171875,102720,0.0,0.0
2023-04-19 11:36:00-04:00,167.2449951171875,167.33990478515625,167.2209930419922,167.33839416503906,115281,0.0,0.0
2023-04-19 11:37:00-04:00,167.33999633789062,167.5,167.281494140625,167.5,212998,0.0,0.0
2023-04-19 11:38:00-04:00,167.4949951171875,167.64999389648438,167.47999572753906,167.6300048828125,331651,0.0,0.0
2023-04-19 11:39:00-04:00,167.625,167.6999969482422,167.60000610351562,167.6300048828125,222903,0.0,0.0
2023-04-19 11:40:00-04:00,167.6300048828125,167.6699981689453,167.5399932861328,167.5518035888672,163624,0.0,0.0
2023-04-19 11:41:00-04:00,167.55999755859375,167.59500122070312,167.52999877929688,167.58099365234375,77969,0.0,0.0
2023-04-19 11:42:00-04:00,167.5800018310547,167.69000244140625,167.5800018310547,167.6645050048828,130802,0.0,0.0
2023-04-19 11:43:00-04:00,167.6645965576172,167.6699981689453,167.57850646972656,167.5800018310547,82530,0.0,0.0
2023-04-19 11:44:00-04:00,167.5800018310547,167.59500122070312,167.52999877929688,167.55999755859375,82487,0.0,0.0
2023-04-19 11:45:00-04:00,167.55999755859375,167.5998992919922,167.50999450683594,167.52999877929688,83970,0.0,0.0
2023-04-19 11:46:00-04:00,167.52000427246094,167.639892578125,167.52000427246094,167.55499267578125,116893,0.0,0.0
2023-04-19 11:47:00-04:00,167.5500030517578,167.55580139160156,167.4199981689453,167.45120239257812,197143,0.0,0.0
2023-04-19 11:48:00-04:00,167.4550018310547,167.58999633789062,167.44000244140625,167.5124969482422,142370,0.0,0.0
2023-04-19 11:49:00-04:00,167.52999877929688,167.58999633789062,167.52999877929688,167.54879760742188,67585,0.0,0.0
2023-04-19 11:50:00-04:00,167.5399932861328,167.55999755859375,167.49000549316406,167.5,44131,0.0,0.0
2023-04-19 11:51:00-04:00,167.50999450683594,167.55999755859375,167.5,167.5590057373047,48509,0.0,0.0
2023-04-19 11:52:00-04:00,167.57000732421875,167.64999389648438,167.55999755859375,167.64019775390625,89865,0.0,0.0
2023-04-19 11:53:00-04:00,167.64500427246094,167.6699981689453,167.6199951171875,167.6199951171875,60373,0.0,0.0
2023-04-19 11:54:00-04:00,167.62539672851562,167.67999267578125,167.62539672851562,167.6750030517578,65025,0.0,0.0
2023-04-19 11:55:00-04:00,167.6699981689453,167.6898956298828,167.5,167.63999938964844,94687,0.0,0.0
2023-04-19 11:56:00-04:00,167.63369750976562,167.76499938964844,167.61000061035156,167.7050018310547,166751,0.0,0.0
2023-04-19 11:57:00-04:00,167.7050018310547,167.7899932861328,167.6999969482422,167.73500061035156,118866,0.0,0.0
2023-04-19 11:58:00-04:00,167.72390747070312,167.72999572753906,167.60000610351562,167.6199951171875,123246,0.0,0.0
2023-04-19 11:59:00-04:00,167.59210205078125,167.6199951171875,167.57009887695312,167.58999633789062,61464,0.0,0.0
2023-04-19 12:00:00-04:00,167.61000061035156,167.66000366210938,167.57000732421875,167.63999938964844,65363,0.0,0.0
2023-04-19 12:01:00-04:00,167.63999938964844,167.64500427246094,167.5449981689453,167.5511932373047,59623,0.0,0.0
2023-04-19 12:02:00-04:00,167.55999755859375,167.57510375976562,167.5,167.50999450683594,71415,0.0,0.0
2023-04-19 12:03:00-04:00,167.5,167.52000427246094,167.41000366210938,167.47999572753906,129376,0.0,0.0
2023-04-19 12:04:00-04:00,167.47779846191406,167.50999450683594,167.4499969482422,167.4971923828125,53547,0.0,0.0
2023-04-19 12:05:00-04:00,167.4949951171875,167.5500030517578,167.4600067138672,167.4949951171875,120623,0.0,0.0
2023-04-19 12:06:00-04:00,167.4929962158203,167.69000244140625,167.47999572753906,167.6649932861328,102783,0.0,0.0
2023-04-19 12:07:00-04:00,167.6699981689453,167.72999572753906,167.6699981689453,167.71499633789062,115761,0.0,0.0
2023-04-19 12:08:00-04:00,167.7100067138672,167.8300018310547,167.7050018310547,167.8000030517578,141755,0.0,0.0
2023-04-19 12:09:00-04:00,167.80999755859375,167.8300018310547,167.71090698242188,167.75,131622,0.0,0.0
2023-04-19 12:10:00-04:00,167.75,167.7949981689453,167.7440948486328,167.75759887695312,62043,0.0,0.0
2023-04-19 12:11:00-04:00,167.7550048828125,167.77520751953125,167.7100067138672,167.75999450683594,62064,0.0,0.0
2023-04-19 12:12:00-04:00,167.75999450683594,167.75999450683594,167.70309448242188,167.7100067138672,52137,0.0,0.0
2023-04-19 12:13:00-04:00,167.72000122070312,167.75,167.6999969482422,167.6999969482422,43568,0.0,0.0
2023-04-19 12:14:00-04:00,167.6999969482422,167.7799072265625,167.67010498046875,167.76010131835938,64287,0.0,0.0
2023-04-19 12:15:00-04:00,167.7617950439453,167.85000610351562,167.75999450683594,167.8249969482422,95091,0.0,0.0
2023-04-19 12:16:00-04:00,167.82229614257812,167.8800048828125,167.75999450683594,167.76890563964844,111357,0.0,0.0
2023-04-19 12:17:00-04:00,167.7799072265625,167.77999877929688,167.72999572753906,167.75999450683594,48169,0.0,0.0
2023-04-19 12:18:00-04:00,167.77000427246094,167.80999755859375,167.75999450683594,167.7667999267578,56470,0.0,0.0
2023-04-19 12:19:00-04:00,167.75999450683594,167.77999877929688,167.67999267578125,167.7100067138672,61054,0.0,0.0
2023-04-19 12:20:00-04:00,167.6999969482422,167.72000122070312,167.6699981689453,167.71009826660156,55518,0.0,0.0
2023-04-19 12:21:00-04:00,167.71499633789062,167.74000549316406,167.67999267578125,167.71929931640625,41850,0.0,0.0
2023-04-19 12:22:00-04:00,167.73500061035156,167.77000427246094,167.70010375976562,167.7100067138672,36228,0.0,0.0
2023-04-19 12:23:00-04:00,167.6999969482422,167.75,167.68499755859375,167.7115936279297,42926,0.0,0.0
2023-04-19 12:24:00-04:00,167.71099853515625,167.77999877929688,167.71099853515625,167.75,51827,0.0,0.0
2023-04-19 12:25:00-04:00,167.7550048828125,167.8000030517578,167.74339294433594,167.75759887695312,59642,0.0,0.0
2023-04-19 12:26:00-04:00,167.75999450683594,167.8300018310547,167.74000549316406,167.82009887695312,1589756,0.0,0.0
2023-04-19 12:27:00-04:00,167.82850646972656,167.88999938964844,167.82000732421875,167.88540649414062,77101,0.0,0.0
2023-04-19 12:28:00-04:00,167.88169860839844,167.88499450683594,167.83999633789062,167.85740661621094,82741,0.0,0.0
2023-04-19 12:29:00-04:00,167.85000610351562,167.8699951171875,167.77000427246094,167.81500244140625,116476,0.0,0.0
2023-04-19 12:30:00-04:00,167.82000732421875,167.94000244140625,167.82000732421875,167.94000244140625,134783,0.0,0.0
2023-04-19 12:31:00-04:00,167.9199981689453,167.99000549316406,167.91990661621094,167.94000244140625,110545,0.0,0.0
2023-04-19 12:32:00-04:00,167.92999267578125,167.96499633789062,167.8990020751953,167.94149780273438,68742,0.0,0.0
2023-04-19 12:33:00-04:00,167.9499969482422,168.0800018310547,167.9409942626953,168.07000732421875,642169,0.0,0.0
2023-04-19 12:34:00-04:00,168.0800018310547,168.08999633789062,167.9499969482422,167.9600067138672,120443,0.0,0.0
2023-04-19 12:35:00-04:00,167.9499969482422,168.0261993408203,167.9499969482422,168.02000427246094,122876,0.0,0.0
2023-04-19 12:36:00-04:00,168.02999877929688,168.07339477539062,167.99000549316406,168.0449981689453,70662,0.0,0.0
2023-04-19 12:37:00-04:00,168.04010009765625,168.0699005126953,167.99000549316406,168.05999755859375,95502,0.0,0.0
2023-04-19 12:38:00-04:00,168.05999755859375,168.0800018310547,168.00999450683594,168.0699005126953,76164,0.0,0.0
2023-04-19 12:39:00-04:00,168.0749969482422,168.08009338378906,168.02999877929688,168.0500030517578,52785,0.0,0.0
2023-04-19 12:40:00-04:00,168.05990600585938,168.11000061035156,168.0399932861328,168.0500030517578,97239,0.0,0.0
2023-04-19 12:41:00-04:00,168.0478973388672,168.06500244140625,168.00990295410156,168.02139282226562,78290,0.0,0.0
2023-04-19 12:42:00-04:00,168.02999877929688,168.1300048828125,168.02499389648438,168.12989807128906,103213,0.0,0.0
2023-04-19 12:43:00-04:00,168.1300048828125,168.16000366210938,168.0399932861328,168.0402069091797,167162,0.0,0.0
2023-04-19 12:44:00-04:00,168.0500030517578,168.05999755859375,168.01199340820312,168.0399932861328,63762,0.0,0.0
2023-04-19 12:45:00-04:00,168.0399932861328,168.0500030517578,167.9416046142578,167.9600067138672,86699,0.0,0.0
2023-04-19 12:46:00-04:00,167.9600067138672,167.9709930419922,167.86000061035156,167.87890625,86642,0.0,0.0
2023-04-19 12:47:00-04:00,167.87420654296875,167.91000366210938,167.86000061035156,167.89500427246094,82599,0.0,0.0
2023-04-19 12:48:00-04:00,167.88999938964844,167.90499877929688,167.8621063232422,167.86500549316406,56646,0.0,0.0
2023-04-19 12:49:00-04:00,167.86500549316406,167.875,167.81019592285156,167.85499572753906,107467,0.0,0.0
2023-04-19 12:50:00-04:00,167.8583984375,167.8699951171875,167.8101043701172,167.83999633789062,61940,0.0,0.0
2023-04-19 12:51:00-04:00,167.84100341796875,167.88999938964844,167.8300018310547,167.86000061035156,72541,0.0,0.0
2023-04-19 12:52:00-04:00,167.8612060546875,167.92999267578125,167.86000061035156,167.9250030517578,0,0.0,0.0
2023-04-19 12:53:00-04:00,167.9199981689453,167.9199981689453,167.8699951171875,167.8699951171875,47086,0.0,0.0
2023-04-19 12:54:00-04:00,167.8800048828125,167.91900634765625,167.86019897460938,167.88999938964844,37200,0.0,0.0
2023-04-19 12:55:00-04:00,167.89999389648438,167.92999267578125,167.8701934814453,167.88999938964844,40285,0.0,0.0
2023-04-19 12:56:00-04:00,167.88999938964844,167.89999389648438,167.83999633789062,167.86000061035156,49714,0.0,0.0
2023-04-19 12:57:00-04:00,167.86000061035156,167.8800048828125,167.82000732421875,167.84410095214844,65795,0.0,0.0
2023-04-19 12:58:00-04:00,167.83999633789062,167.89999389648438,167.8300018310547,167.89889526367188,60859,0.0,0.0
2023-04-19 12:59:00-04:00,167.89149475097656,167.89500427246094,167.83999633789062,167.84010314941406,49697,0.0,0.0
2023-04-19 13:00:00-04:00,167.84500122070312,167.8679962158203,167.72999572753906,167.7489013671875,101232,0.0,0.0
2023-04-19 13:01:00-04:00,167.74009704589844,167.77999877929688,167.72999572753906,167.74000549316406,106624,0.0,0.0
2023-04-19 13:02:00-04:00,167.7353973388672,167.77999877929688,167.72000122070312,167.76339721679688,66447,0.0,0.0
2023-04-19 13:03:00-04:00,167.75999450683594,167.78689575195312,167.75,167.77940368652344,41870,0.0,0.0
2023-04-19 13:04:00-04:00,167.7899932861328,167.80999755859375,167.76010131835938,167.8000030517578,32622,0.0,0.0
2023-04-19 13:05:00-04:00,167.7949981689453,167.8972930908203,167.7902069091797,167.8972930908203,69419,0.0,0.0
2023-04-19 13:06:00-04:00,167.89500427246094,167.9499969482422,167.83999633789062,167.93519592285156,0,0.0,0.0
2023-04-19 13:07:00-04:00,167.9499969482422,168.00999450683594,167.9420928955078,167.97000122070312,93343,0.0,0.0
2023-04-19 13:08:00-04:00,167.97000122070312,167.97500610351562,167.92999267578125,167.9600067138672,59145,0.0,0.0
2023-04-19 13:09:00-04:00,167.9613037109375,167.97999572753906,167.91140747070312,167.92999267578125,44124,0.0,0.0
2023-04-19 13:10:00-04:00,167.92999267578125,168.01499938964844,167.91000366210938,167.99099731445312,59980,0.0,0.0
2023-04-19 13:11:00-04:00,167.9949951171875,168.02749633789062,167.97999572753906,168.02749633789062,72078,0.0,0.0
2023-04-19 13:12:00-04:00,168.02059936523438,168.0800018310547,168.00999450683594,168.07000732421875,77936,0.0,0.0
2023-04-19 13:13:00-04:00,168.0800018310547,168.0800018310547,168.00999450683594,168.02090454101562,78044,0.0,0.0
2023-04-19 13:14:00-04:00,168.02499389648438,168.08999633789062,168.02499389648438,168.05299377441406,58303,0.0,0.0
2023-04-19 13:15:00-04:00,168.0500030517578,168.0500030517578,167.972900390625,167.97500610351562,63006,0.0,0.0
2023-04-19 13:16:00-04:00,167.97999572753906,168.00999450683594,167.91000366210938,167.91990661621094,43155,0.0,0.0
2023-04-19 13:17:00-04:00,167.91000366210938,167.9149932861328,167.74000549316406,167.8300018310547,162705,0.0,0.0
2023-04-19 13:18:00-04:00,167.8311004638672,167.86000061035156,167.75999450683594,167.7899932861328,74863,0.0,0.0
2023-04-19 13:19:00-04:00,167.78799438476562,167.7899932861328,167.6300048828125,167.77000427246094,171746,0.0,0.0
2023-04-19 13:20:00-04:00,167.77499389648438,167.7899932861328,167.69000244140625,167.7281036376953,75443,0.0,0.0
2023-04-19 13:21:00-04:00,167.72500610351562,167.83880615234375,167.72000122070312,167.8350067138672,74562,0.0,0.0
2023-04-19 13:22:00-04:00,167.83999633789062,167.86000061035156,167.80999755859375,167.82000732421875,53190,0.0,0.0
2023-04-19 13:23:00-04:00,167.82000732421875,167.85000610351562,167.8101043701172,167.8350067138672,42176,0.0,0.0
2023-04-19 13:24:00-04:00,167.83999633789062,167.8800048828125,167.83009338378906,167.84500122070312,45537,0.0,0.0
2023-04-19 13:25:00-04:00,167.85000610351562,167.85499572753906,167.8000030517578,167.8321075439453,42745,0.0,0.0
2023-04-19 13:26:00-04:00,167.83009338378906,167.8699951171875,167.83009338378906,167.83999633789062,36042,0.0,0.0
2023-04-19 13:27:00-04:00,167.8489990234375,167.8699951171875,167.8300018310547,167.86619567871094,34580,0.0,0.0
2023-04-19 13:28:00-04:00,167.8699951171875,167.97000122070312,167.8699951171875,167.93809509277344,68162,0.0,0.0
2023-04-19 13:29:00-04:00,167.94000244140625,167.95790100097656,167.91000366210938,167.9199981689453,53261,0.0,0.0
2023-04-19 13:30:00-04:00,167.92999267578125,167.9600067138672,167.9199981689453,167.9501953125,54327,0.0,0.0
2023-04-19 13:31:00-04:00,167.9600067138672,167.97999572753906,167.95010375976562,167.97999572753906,36863,0.0,0.0
2023-04-19 13:32:00-04:00,167.97500610351562,168.00999450683594,167.97279357910156,168.00799560546875,87944,0.0,0.0
2023-04-19 13:33:00-04:00,168.0,168.00999450683594,167.9600067138672,167.97500610351562,69302,0.0,0.0
2023-04-19 13:34:00-04:00,167.97000122070312,167.99000549316406,167.92019653320312,167.94000244140625,52513,0.0,0.0
2023-04-19 13:35:00-04:00,167.92999267578125,167.92999267578125,167.80999755859375,167.82000732421875,88334,0.0,0.0
2023-04-19 13:36:00-04:00,167.8300018310547,167.8950958251953,167.82000732421875,167.8739013671875,51346,0.0,0.0
2023-04-19 13:37:00-04:00,167.88999938964844,167.89120483398438,167.85000610351562,167.86000061035156,31290,0.0,0.0
2023-04-19 13:38:00-04:00,167.86000061035156,167.8699951171875,167.7823944091797,167.7899932861328,47401,0.0,0.0
2023-04-19 13:39:00-04:00,167.78500366210938,167.78500366210938,167.74000549316406,167.75,42659,0.0,0.0
2023-04-19 13:40:00-04:00,167.75,167.83999633789062,167.74000549316406,167.83999633789062,50688,0.0,0.0
2023-04-19 13:41:00-04:00,167.85000610351562,167.85000610351562,167.77999877929688,167.82899475097656,46593,0.0,0.0
2023-04-19 13:42:00-04:00,167.8300018310547,167.86000061035156,167.7899932861328,167.81500244140625,43158,0.0,0.0
2023-04-19 13:43:00-04:00,167.81910705566406,167.83999633789062,167.7899932861328,167.8101043701172,41399,0.0,0.0
2023-04-19 13:44:00-04:00,167.80999755859375,167.81500244140625,167.74009704589844,167.75,47326,0.0,0.0
2023-04-19 13:45:00-04:00,167.7550048828125,167.77999877929688,167.72000122070312,167.72999572753906,92193,0.0,0.0
2023-04-19 13:46:00-04:00,167.72999572753906,167.72999572753906,167.6750030517578,167.71499633789062,50393,0.0,0.0
2023-04-19 13:47:00-04:00,167.72000122070312,167.77999877929688,167.72000122070312,167.77000427246094,55251,0.0,0.0
2023-04-19 13:48:00-04:00,167.77000427246094,167.80999755859375,167.72000122070312,167.73190307617188,56682,0.0,0.0
2023-04-19 13:49:00-04:00,167.73500061035156,167.78500366210938,167.73370361328125,167.78500366210938,37491,0.0,0.0
2023-04-19 13:50:00-04:00,167.77999877929688,167.79550170898438,167.75,167.7799072265625,52400,0.0,0.0
2023-04-19 13:51:00-04:00,167.77000427246094,167.83999633789062,167.75999450683594,167.8350067138672,47589,0.0,0.0
2023-04-19 13:52:00-04:00,167.83999633789062,167.8699951171875,167.83999633789062,167.86000061035156,73915,0.0,0.0
2023-04-19 13:53:00-04:00,167.86000061035156,167.87669372558594,167.8249969482422,167.86000061035156,85198,0.0,0.0
2023-04-19 13:54:00-04:00,167.8699951171875,167.8800048828125,167.83999633789062,167.85499572753906,45430,0.0,0.0
2023-04-19 13:55:00-04:00,167.85000610351562,167.86000061035156,167.8011016845703,167.80599975585938,37063,0.0,0.0
2023-04-19 13:56:00-04:00,167.8000030517578,167.83999633789062,167.77000427246094,167.8300018310547,43335,0.0,0.0
2023-04-19 13:57:00-04:00,167.8300018310547,167.84500122070312,167.8000030517578,167.82000732421875,46274,0.0,0.0
2023-04-19 13:58:00-04:00,167.82000732421875,167.8300018310547,167.75010681152344,167.77999877929688,54607,0.0,0.0
2023-04-19 13:59:00-04:00,167.77749633789062,167.80999755859375,167.77000427246094,167.80999755859375,33535,0.0,0.0
2023-04-19 14:00:00-04:00,167.80999755859375,168.0500030517578,167.80999755859375,167.97999572753906,196154,0.0,0.0
2023-04-19 14:01:00-04:00,167.97000122070312,167.97999572753906,167.89019775390625,167.9250030517578,68200,0.0,0.0
2023-04-19 14:02:00-04:00,167.9199981689453,167.94500732421875,167.8699951171875,167.94500732421875,151521,0.0,0.0
2023-04-19 14:03:00-04:00,167.94000244140625,167.94000244140625,167.82000732421875,167.84500122070312,54066,0.0,0.0
2023-04-19 14:04:00-04:00,167.83999633789062,167.85000610351562,167.58999633789062,167.63999938964844,154999,0.0,0.0
2023-04-19 14:05:00-04:00,167.6300048828125,167.66000366210938,167.61000061035156,167.6300048828125,74422,0.0,0.0
2023-04-19 14:06:00-04:00,167.63499450683594,167.69000244140625,167.6300048828125,167.6802978515625,66236,0.0,0.0
2023-04-19 14:07:00-04:00,167.68499755859375,167.7100067138672,167.6199951171875,167.70799255371094,69595,0.0,0.0
2023-04-19 14:08:00-04:00,167.70989990234375,167.7100067138672,167.64999389648438,167.6999969482422,54625,0.0,0.0
2023-04-19 14:09:00-04:00,167.7100067138672,167.74000549316406,167.63999938964844,167.6842041015625,86784,0.0,0.0
2023-04-19 14:10:00-04:00,167.6699981689453,167.72999572753906,167.66000366210938,167.72999572753906,47652,0.0,0.0
2023-04-19 14:11:00-04:00,167.72999572753906,167.74000549316406,167.69000244140625,167.72169494628906,41649,0.0,0.0
2023-04-19 14:12:00-04:00,167.72470092773438,167.77000427246094,167.72000122070312,167.72999572753906,242914,0.0,0.0
2023-04-19 14:13:00-04:00,167.74000549316406,167.7550048828125,167.6999969482422,167.72000122070312,39869,0.0,0.0
2023-04-19 14:14:00-04:00,167.72500610351562,167.7799072265625,167.7100067138672,167.77000427246094,35508,0.0,0.0
2023-04-19 14:15:00-04:00,167.77000427246094,167.80499267578125,167.74000549316406,167.8000030517578,65441,0.0,0.0
2023-04-19 14:16:00-04:00,167.7899932861328,167.8300018310547,167.77000427246094,167.80999755859375,73186,0.0,0.0
2023-04-19 14:17:00-04:00,167.80999755859375,167.8115997314453,167.75,167.76730346679688,40819,0.0,0.0
2023-04-19 14:18:00-04:00,167.76499938964844,167.82000732421875,167.76010131835938,167.8000946044922,41662,0.0,0.0
2023-04-19 14:19:00-04:00,167.8000030517578,167.80999755859375,167.74009704589844,167.78860473632812,52659,0.0,0.0
2023-04-19 14:20:00-04:00,167.78990173339844,167.80999755859375,167.77000427246094,167.7902069091797,40076,0.0,0.0
2023-04-19 14:21:00-04:00,167.8000030517578,167.8572998046875,167.7989959716797,167.83999633789062,70467,0.0,0.0
2023-04-19 14:22:00-04:00,167.8350067138672,167.86000061035156,167.7899932861328,167.82899475097656,43430,0.0,0.0
2023-04-19 14:23:00-04:00,167.8300018310547,167.91000366210938,167.80999755859375,167.88999938964844,59469,0.0,0.0
2023-04-19 14:24:00-04:00,167.8800048828125,167.92999267578125,167.86000061035156,167.92999267578125,70143,0.0,0.0
2023-04-19 14:25:00-04:00,167.92010498046875,167.97000122070312,167.89999389648438,167.9600067138672,81919,0.0,0.0
2023-04-19 14:26:00-04:00,167.95849609375,167.96499633789062,167.91000366210938,167.92999267578125,51471,0.0,0.0
2023-04-19 14:27:00-04:00,167.92999267578125,167.9600067138672,167.91000366210938,167.91000366210938,62722,0.0,0.0
2023-04-19 14:28:00-04:00,167.89999389648438,167.91000366210938,167.83999633789062,167.8428955078125,56393,0.0,0.0
2023-04-19 14:29:00-04:00,167.84640502929688,167.89999389648438,167.83999633789062,167.89999389648438,36677,0.0,0.0
2023-04-19 14:30:00-04:00,167.89999389648438,167.9499969482422,167.88999938964844,167.9149932861328,56626,0.0,0.0
2023-04-19 14:31:00-04:00,167.9199981689453,167.94659423828125,167.8699951171875,167.88690185546875,57129,0.0,0.0
2023-04-19 14:32:00-04:00,167.8885955810547,167.8885955810547,167.82850646972656,167.8300018310547,36948,0.0,0.0
2023-04-19 14:33:00-04:00,167.8300018310547,167.8300018310547,167.7100067138672,167.75070190429688,86056,0.0,0.0
2023-04-19 14:34:00-04:00,167.77000427246094,167.8300018310547,167.75999450683594,167.8000030517578,47788,0.0,0.0
2023-04-19 14:35:00-04:00,167.8000030517578,167.85000610351562,167.77000427246094,167.83779907226562,69850,0.0,0.0
2023-04-19 14:36:00-04:00,167.83999633789062,167.84719848632812,167.77000427246094,167.83009338378906,98763,0.0,0.0
2023-04-19 14:37:00-04:00,167.8249969482422,167.82989501953125,167.7899932861328,167.81100463867188,36669,0.0,0.0
2023-04-19 14:38:00-04:00,167.8300018310547,167.8800048828125,167.8153076171875,167.8721923828125,53638,0.0,0.0
2023-04-19 14:39:00-04:00,167.8699951171875,167.97999572753906,167.8699951171875,167.96009826660156,81158,0.0,0.0
2023-04-19 14:40:00-04:00,167.96499633789062,168.02999877929688,167.9600067138672,168.02999877929688,97117,0.0,0.0
2023-04-19 14:41:00-04:00,168.02000427246094,168.0800018310547,168.0,168.0500946044922,81973,0.0,0.0
2023-04-19 14:42:00-04:00,168.05299377441406,168.0699005126953,168.00999450683594,168.02499389648438,88791,0.0,0.0
2023-04-19 14:43:00-04:00,168.02000427246094,168.0399932861328,168.0,168.02870178222656,58117,0.0,0.0
2023-04-19 14:44:00-04:00,168.02000427246094,168.02000427246094,167.94000244140625,167.9499969482422,83667,0.0,0.0
2023-04-19 14:45:00-04:00,167.94140625,167.9499969482422,167.88999938964844,167.91900634765625,64943,0.0,0.0
2023-04-19 14:46:00-04:00,167.9199981689453,167.9199981689453,167.80999755859375,167.85000610351562,65119,0.0,0.0
2023-04-19 14:47:00-04:00,167.8446044921875,167.906005859375,167.8350067138672,167.88780212402344,63718,0.0,0.0
2023-04-19 14:48:00-04:00,167.88999938964844,167.92999267578125,167.8699951171875,167.8800048828125,162880,0.0,0.0
2023-04-19 14:49:00-04:00,167.88999938964844,167.9199981689453,167.86410522460938,167.89999389648438,202965,0.0,0.0
2023-04-19 14:50:00-04:00,167.89869689941406,167.89999389648438,167.8300018310547,167.86000061035156,55014,0.0,0.0
2023-04-19 14:51:00-04:00,167.85499572753906,167.86000061035156,167.80999755859375,167.85000610351562,34249,0.0,0.0
2023-04-19 14:52:00-04:00,167.851806640625,167.88999938964844,167.8300018310547,167.86000061035156,46471,0.0,0.0
2023-04-19 14:53:00-04:00,167.85000610351562,167.85000610351562,167.77999877929688,167.8000030517578,63347,0.0,0.0
2023-04-19 14:54:00-04:00,167.80999755859375,167.88580322265625,167.80999755859375,167.82870483398438,49947,0.0,0.0
2023-04-19 14:55:00-04:00,167.8300018310547,167.8300018310547,167.77000427246094,167.77000427246094,43717,0.0,0.0
2023-04-19 14:56:00-04:00,167.77000427246094,167.7899932861328,167.7449951171875,167.7700958251953,55509,0.0,0.0
2023-04-19 14:57:00-04:00,167.77499389648438,167.82550048828125,167.77000427246094,167.7949981689453,93403,0.0,0.0
2023-04-19 14:58:00-04:00,167.7949981689453,167.85580444335938,167.77999877929688,167.85580444335938,64297,0.0,0.0
2023-04-19 14:59:00-04:00,167.86000061035156,167.92999267578125,167.85499572753906,167.9250030517578,75505,0.0,0.0
2023-04-19 15:00:00-04:00,167.9250030517578,167.94000244140625,167.85000610351562,167.8800048828125,82282,0.0,0.0
2023-04-19 15:01:00-04:00,167.8699951171875,167.8699951171875,167.78469848632812,167.80499267578125,70633,0.0,0.0
2023-04-19 15:02:00-04:00,167.8000946044922,167.82000732421875,167.77999877929688,167.81500244140625,48682,0.0,0.0
2023-04-19 15:03:00-04:00,167.80999755859375,167.83999633789062,167.77999877929688,167.7902069091797,79669,0.0,0.0
2023-04-19 15:04:00-04:00,167.7899932861328,167.8699951171875,167.7899932861328,167.82000732421875,56157,0.0,0.0
2023-04-19 15:05:00-04:00,167.8188018798828,167.85899353027344,167.80999755859375,167.81500244140625,43414,0.0,0.0
2023-04-19 15:06:00-04:00,167.80999755859375,167.80999755859375,167.7100067138672,167.74000549316406,101102,0.0,0.0
2023-04-19 15:07:00-04:00,167.74879455566406,167.77000427246094,167.72569274902344,167.72999572753906,42304,0.0,0.0
2023-04-19 15:08:00-04:00,167.72999572753906,167.75999450683594,167.6699981689453,167.75999450683594,78589,0.0,0.0
2023-04-19 15:09:00-04:00,167.75999450683594,167.8000030517578,167.7550048828125,167.78500366210938,70338,0.0,0.0
2023-04-19 15:10:00-04:00,167.8000030517578,167.8000030517578,167.75,167.77999877929688,49071,0.0,0.0
2023-04-19 15:11:00-04:00,167.77499389648438,167.8249969482422,167.75999450683594,167.8249969482422,67701,0.0,0.0
2023-04-19 15:12:00-04:00,167.82000732421875,167.8300018310547,167.7899932861328,167.8179931640625,49129,0.0,0.0
2023-04-19 15:13:00-04:00,167.82000732421875,167.83999633789062,167.77499389648438,167.8300018310547,88337,0.0,0.0
2023-04-19 15:14:00-04:00,167.83999633789062,167.84800720214844,167.7899932861328,167.7967987060547,78872,0.0,0.0
2023-04-19 15:15:00-04:00,167.7899932861328,167.7949981689453,167.75,167.7899932861328,49422,0.0,0.0
2023-04-19 15:16:00-04:00,167.7899932861328,167.88999938964844,167.77999877929688,167.875,113007,0.0,0.0
2023-04-19 15:17:00-04:00,167.875,167.91000366210938,167.86199951171875,167.90699768066406,136846,0.0,0.0
2023-04-19 15:18:00-04:00,167.89999389648438,167.91000366210938,167.82000732421875,167.82000732421875,64371,0.0,0.0
2023-04-19 15:19:00-04:00,167.80999755859375,167.82989501953125,167.77000427246094,167.78579711914062,43538,0.0,0.0
2023-04-19 15:20:00-04:00,167.77999877929688,167.77999877929688,167.69009399414062,167.70570373535156,99187,0.0,0.0
2023-04-19 15:21:00-04:00,167.6999969482422,167.77000427246094,167.69000244140625,167.74000549316406,82398,0.0,0.0
2023-04-19 15:22:00-04:00,167.72999572753906,167.80499267578125,167.72000122070312,167.80499267578125,54153,0.0,0.0
2023-04-19 15:23:00-04:00,167.80999755859375,167.83999633789062,167.77999877929688,167.8350067138672,54619,0.0,0.0
2023-04-19 15:24:00-04:00,167.8350067138672,167.83999633789062,167.8000030517578,167.8300018310547,84485,0.0,0.0
2023-04-19 15:25:00-04:00,167.8249969482422,167.8249969482422,167.75999450683594,167.773193359375,49303,0.0,0.0
2023-04-19 15:26:00-04:00,167.77999877929688,167.7899932861328,167.72999572753906,167.75,57792,0.0,0.0
2023-04-19 15:27:00-04:00,167.7550048828125,167.77000427246094,167.72000122070312,167.76499938964844,55062,0.0,0.0
2023-04-19 15:28:00-04:00,167.76870727539062,167.76890563964844,167.7200927734375,167.72999572753906,52831,0.0,0.0
2023-04-19 15:29:00-04:00,167.74000549316406,167.77000427246094,167.72999572753906,167.77000427246094,55685,0.0,0.0
2023-04-19 15:30:00-04:00,167.75999450683594,167.82000732421875,167.73500061035156,167.81370544433594,80871,0.0,0.0
2023-04-19 15:31:00-04:00,167.81260681152344,167.86000061035156,167.7899932861328,167.8000030517578,81466,0.0,0.0
2023-04-19 15:32:00-04:00,167.7949981689453,167.7949981689453,167.75,167.75999450683594,65424,0.0,0.0
2023-04-19 15:33:00-04:00,167.77000427246094,167.80999755859375,167.722900390625,167.72999572753906,56322,0.0,0.0
2023-04-19 15:34:00-04:00,167.73680114746094,167.7449951171875,167.67999267578125,167.69000244140625,72747,0.0,0.0
2023-04-19 15:35:00-04:00,167.69000244140625,167.74000549316406,167.67999267578125,167.6999969482422,52764,0.0,0.0
2023-04-19 15:36:00-04:00,167.6999969482422,167.6999969482422,167.63999938964844,167.67990112304688,82293,0.0,0.0
2023-04-19 15:37:00-04:00,167.67100524902344,167.6750030517578,167.5850067138672,167.63999938964844,130362,0.0,0.0
2023-04-19 15:38:00-04:00,167.63160705566406,167.6999969482422,167.61000061035156,167.68499755859375,138430,0.0,0.0
2023-04-19 15:39:00-04:00,167.6898956298828,167.72999572753906,167.64999389648438,167.72760009765625,132252,0.0,0.0
2023-04-19 15:40:00-04:00,167.72999572753906,167.77000427246094,167.6999969482422,167.74000549316406,106278,0.0,0.0
2023-04-19 15:41:00-04:00,167.72999572753906,167.85000610351562,167.72999572753906,167.82809448242188,117986,0.0,0.0
2023-04-19 15:42:00-04:00,167.82850646972656,167.85000610351562,167.75999450683594,167.82769775390625,149899,0.0,0.0
2023-04-19 15:43:00-04:00,167.81500244140625,167.8184051513672,167.6300048828125,167.64500427246094,262425,0.0,0.0
2023-04-19 15:44:00-04:00,167.63999938964844,167.68980407714844,167.5749969482422,167.5749969482422,128791,0.0,0.0
2023-04-19 15:45:00-04:00,167.57000732421875,167.60000610351562,167.42999267578125,167.4499969482422,209099,0.0,0.0
2023-04-19 15:46:00-04:00,167.44000244140625,167.44000244140625,167.27020263671875,167.30999755859375,175501,0.0,0.0
2023-04-19 15:47:00-04:00,167.30999755859375,167.4199981689453,167.25999450683594,167.39500427246094,153801,0.0,0.0
2023-04-19 15:48:00-04:00,167.39999389648438,167.44580078125,167.3699951171875,167.3699951171875,76966,0.0,0.0
2023-04-19 15:49:00-04:00,167.360107421875,167.42999267578125,167.33999633789062,167.40499877929688,102370,0.0,0.0
2023-04-19 15:50:00-04:00,167.39999389648438,167.39999389648438,167.21499633789062,167.28500366210938,244437,0.0,0.0
2023-04-19 15:51:00-04:00,167.2899932861328,167.3258056640625,167.1699981689453,167.25999450683594,228087,0.0,0.0
2023-04-19 15:52:00-04:00,167.2790069580078,167.39999389648438,167.2790069580078,167.32000732421875,203692,0.0,0.0
2023-04-19 15:53:00-04:00,167.32000732421875,167.4499969482422,167.3000030517578,167.39999389648438,170099,0.0,0.0
2023-04-19 15:54:00-04:00,167.38999938964844,167.47000122070312,167.30999755859375,167.3800048828125,231501,0.0,0.0
2023-04-19 15:55:00-04:00,167.3800048828125,167.6199951171875,167.3800048828125,167.56500244140625,405179,0.0,0.0
2023-04-19 15:56:00-04:00,167.57000732421875,167.58999633789062,167.47000122070312,167.48500061035156,172590,0.0,0.0
2023-04-19 15:57:00-04:00,167.48500061035156,167.57000732421875,167.47999572753906,167.52999877929688,205585,0.0,0.0
2023-04-19 15:58:00-04:00,167.52999877929688,167.60000610351562,167.52000427246094,167.56500244140625,252186,0.0,0.0
2023-04-19 15:59:00-04:00,167.55999755859375,167.63999938964844,167.44000244140625,167.6199951171875,657619,0.0,0.0
